PANEL XENIUM (INMUNO),,,,,ADD-ON GENES,,,
Gene,Ensemble ID,Annotation,,,Gene,Ensembl ID,Tissues,Cell types
A2M,ENSG00000175899,,,1,ADGRE1,ENSG00000174837,Liver,Kupffer cells
ACE2,ENSG00000130234,Hormone Processing,,2,ADGRL4,ENSG00000162618,Liver,Liver endothelial cells
ACTA2,ENSG00000107796,Stromal Cell,,3,ADH4,ENSG00000198099,Liver,Hepatocytes
ACTB,ENSG00000075624,Cytoskeleton,,4,ALAS2,ENSG00000158578,Liver,Erythroid cells
ADAM28,ENSG00000042980,B cell,,5,APOA5,ENSG00000110243,Liver,Hepatocytes
AIF1,ENSG00000204472,Macrophage,,6,AQP9,ENSG00000103569,Liver,Hepatocytes
AIRE,ENSG00000160224,T Cell;Thymus,,7,AR,ENSG00000169083,Liver,Hepatocytes
AKT1,ENSG00000142208,Cancer Signalling,,8,KDR,ENSG00000128052,Fibrotic Liver,LSECs
ANPEP,ENSG00000166825,Tumor,,9,SLC7A2,ENSG00000003989,Fibrotic Liver,Hepatocytes also macrophages 
ANXA1,ENSG00000135046,Receptor Ligand,,10,CPS1,ENSG00000021826,Fibrotic Liver,Hepatocytes
APOE,ENSG00000130203,,,11,ATP9A,ENSG00000054793,Fibrotic Liver,Hepatocytes
AREG,ENSG00000109321,Mast Cell,,12,POR,ENSG00000127948,Fibrotic Liver,Hepatocytes
ARG1,ENSG00000118520,Myeloid Derived Suppressor Cell,,13,EXT1,ENSG00000182197,Fibrotic Liver,Hepatocytes
ARID1A,ENSG00000117713,Tumor,,14,PNPLA3,ENSG00000100344,Fibrotic Liver,Hepatocytes
ARPC3,ENSG00000111229,,,15,CPEB4,ENSG00000113742,Fibrotic Liver,Hepatocytes
ARPC5,ENSG00000162704,,,16,ASPG,ENSG00000166183,Fibrotic Liver,Hepatocytes
ATM,ENSG00000149311,DNA Damage,,17,THRB,ENSG00000151090,Fibrotic Liver,Hepatocytes
BANK1,ENSG00000153064,B Cell,,18,ALB,ENSG00000163631,Cirrhotic liver,Hepatocyte
BATF3,ENSG00000123685,T Cell,,19,ASGR1,ENSG00000141505,Cirrhotic liver,Hepatocyte
BCL2,ENSG00000171791,Apoptosis,,20,TAT,ENSG00000198650,Cirrhotic liver,Hepatocyte
BRAF,ENSG00000157764,Proto-Oncogene,,21,CPS1,ENSG00000021826,Cirrhotic liver,Hepatocyte
C1QB,ENSG00000173369,Monocyte;Complement,,22,ASS1,ENSG00000130707,Cirrhotic liver,Hepatocyte
C1QBP,ENSG00000108561,Tumorigenesis;Complement,,23,IGFBP2,ENSG00000115457,Cirrhotic liver,Hepatocyte
C1R,ENSG00000159403,Tumor;Complement,,24,CCND1,ENSG00000110092,Cirrhotic liver,Hepatocyte
C1S,ENSG00000182326,Tumor;Complement,,25,PON1,ENSG00000005421,Cirrhotic liver,Hepatocyte
CCL11,ENSG00000172156,Cytokines & Growth Factors;Chemokine Ligand;Cytokine-Cytokine-Receptor Interaction,,26,GLUL,ENSG00000135821,Cirrhotic liver,Hepatocyte
CCL13,ENSG00000181374,Cytokines & Growth Factors;Chemokine Ligand;Cytokine-Cytokine-Receptor Interaction,,27,CYP2E1,ENSG00000130649,Cirrhotic liver,Hepatocyte
CCL14,ENSG00000276409,Cytokines & Growth Factors;Chemokine Ligand;Cytokine-Cytokine-Receptor Interaction,,28,KRT19,ENSG00000171345,Cirrhotic liver,Cholangiocyte
CCL15,ENSG00000275718,Cytokines & Growth Factors;Chemokine Ligand;Cytokine-Cytokine-Receptor Interaction,,29,KRT7,ENSG00000135480,Cirrhotic liver,Cholangiocyte
CCL16,ENSG00000275152,Cytokines & Growth Factors;Chemokine Ligand;Cytokine-Cytokine-Receptor Interaction,,30,EPCAM,ENSG00000119888,Cirrhotic liver,Cholangiocyte
CCL19,ENSG00000172724,Cytokines & Growth Factors;Chemokine Ligand;Cytokine-Cytokine-Receptor Interaction,,31,SOX9,ENSG00000125398,Cirrhotic liver,Cholangiocyte
CCL2,ENSG00000108691,Cytokines & Growth Factors;Chemokine Ligand;Cytokine-Cytokine-Receptor Interaction,,32,SPP1,ENSG00000118785,Cirrhotic liver,Cholangiocyte
CCL20,ENSG00000115009,Cytokines & Growth Factors;Chemokine Ligand;Cytokine-Cytokine-Receptor Interaction,,33,STAB2,ENSG00000114739,Cirrhotic liver,Endothelium
CCL21,ENSG00000137077,Cytokines & Growth Factors;Chemokine Ligand;Cytokine-Cytokine-Receptor Interaction,,34,LYVE1,ENSG00000133800,Cirrhotic liver,Endothelium
CCL26,ENSG00000006606,Cytokines & Growth Factors;Chemokine Ligand;Cytokine-Cytokine-Receptor Interaction,,35,CLEC4G,ENSG00000182566,Cirrhotic liver,Endothelium
CCL28,ENSG00000151882,Cytokines & Growth Factors;Chemokine Ligand;Cytokine-Cytokine-Receptor Interaction,,36,FCGR2B,ENSG00000078549,Cirrhotic liver,Endothelium
CCL3,ENSG00000277632,T Cell;Effector Memory;Resident Memory;Activated;Cytokines & Growth Factors;Chemokine Ligand;Cytokine-Cytokine-Receptor Interaction,,37,PECAM1,ENSG00000261371,Cirrhotic liver,Endothelium
CCL3L1,ENSG00000276085,Cytokines & Growth Factors;Chemokine Ligand;Cytokine-Cytokine-Receptor Interaction,,38,LRAT,ENSG00000197776,Cirrhotic liver,Stellate
CCL4,ENSG00000275302,T Cell;Effector Memory;Resident Memory;Activated;Cytokines & Growth Factors;Chemokine Ligand;Cytokine-Cytokine-Receptor Interaction,,39,RBP1,ENSG00000114115,Cirrhotic liver,Stellate
CCL5,ENSG00000271503,T Cell;Effector Memory;Resident Memory;Activated;Cytokines & Growth Factors;Chemokine Ligand;Cytokine-Cytokine-Receptor Interaction,,40,ACTA2,ENSG00000107796,Cirrhotic liver,Stellate
CCL7,ENSG00000108688,Cytokines & Growth Factors;Chemokine Ligand;Cytokine-Cytokine-Receptor Interaction,,41,COL1A1,ENSG00000108821,Cirrhotic liver,Stellate
CCL8,ENSG00000108700,Cytokines & Growth Factors;Chemokine Ligand;Cytokine-Cytokine-Receptor Interaction,,42,COL1A2,ENSG00000163041,Cirrhotic liver,Stellate
CCND1,ENSG00000110092,Epithelial Cell,,43,PDGFRB,ENSG00000113721,Cirrhotic liver,Stellate
CCR1,ENSG00000163823,C-C Motif Chemokine Receptor;M1;Macrophage;Cytokine Receptor;CD Molecule;Cytokine-Cytokine-Receptor Interaction,,44,MARCO,ENSG00000019169,Cirrhotic liver,Macrophage
CCR2,ENSG00000121807,C-C Motif Chemokine Receptor;M1;Macrophage;Cytokine Receptor;CD Molecule;Cytokine-Cytokine-Receptor Interaction,,45,VSIG4,ENSG00000155659,Cirrhotic liver,Macrophage
CCR3,ENSG00000183625,C-C Motif Chemokine Receptor;M1;Macrophage;Cytokine Receptor;CD Molecule;Cytokine-Cytokine-Receptor Interaction,,46,CD163,ENSG00000177575,Cirrhotic liver,Macrophage
CCR4,ENSG00000183813,C-C Motif Chemokine Receptor;M1;Macrophage;Cytokine Receptor;CD Molecule;Cytokine-Cytokine-Receptor Interaction,,47,THY1,ENSG00000154096,Cirrhotic liver,Fibroblast
CCR5,ENSG00000160791,C-C Motif Chemokine Receptor;M1;Macrophage;Cytokine Receptor;CD Molecule;Cytokine-Cytokine-Receptor Interaction,,48,COL15A1,ENSG00000204291,Cirrhotic liver,Fibroblast
CCR6,ENSG00000112486,C-C Motif Chemokine Receptor;M1;Macrophage;Cytokine Receptor;CD Molecule;Cytokine-Cytokine-Receptor Interaction,,49,PPM1D,ENSG00000170836,,
CCR7,ENSG00000126353,T Cell;Naive;C-C Motif Chemokine Receptor;M1;Macrophage;Cytokine Receptor;CD Molecule;Cytokine-Cytokine-Receptor Interaction,,50,IFNG,ENSG00000111537,,
CD14,ENSG00000170458,Monocyte;Macrophage;M1;CD Molecule,,,U2AF1,ENSG00000160201,,
CD163,ENSG00000177575,Macrophage;M2;CD Molecule,,,POT1,ENSG00000128513,,
CD19,ENSG00000177455,B Cell;Proliferative;CD Molecule,,,TERT,ENSG00000164362,,
CD1A,ENSG00000158477,CD Molecule;Antigen Presentation;Dendritic Cell,,,MYC,ENSG00000136997,,
CD1C,ENSG00000158481,CD Molecule;Antigen Presentation;Dendritic Cell,,,,,,
CD2,ENSG00000116824,T Cell;CD Molecule,,,SERPINE1,ENSG00000106366,Stress,Hepatocyte
CD247,ENSG00000198821,Natural Killer Cell;CD Molecule,,,PDK4,ENSG00000004799,Zone 3,Hepatocyte
CD27,ENSG00000139193,B Cell;CD Molecule,,,LGALS3,ENSG00000131981,importan gene in cirrhosis,Galectin-3
CD274,ENSG00000120217,CD Molecule;Tumor;Checkpoint Inhibitor Target;Don't Eat Me,,,,,,
CD276,ENSG00000103855,CD Molecule;Tumor;Checkpoint Inhibitor Target,,,,,,
CD28,ENSG00000178562,T Cell;CD Molecule,,,,,,
CD37,ENSG00000104894,B Cell;CD Molecule,,,,,,
CD38,ENSG00000004468,Plasma Cell;CD Molecule,,,,,,
CD3D,ENSG00000167286,T Cell;CD8+;Effector;CD Molecule,,,,,,
CD3E,ENSG00000198851,CD Molecule;T Cell,,,,,,
CD4,ENSG00000010610,T Cell;CD4+;CD Molecule,,,,,,
CD40,ENSG00000101017,Dendritic Cell;Myeloid;CD Molecule,,,,,,
CD40LG,ENSG00000102245,CD Molecule;Immune Checkpoint,,,,,,
CD44,ENSG00000026508,Macrophage;M1;CD Molecule,,,,,,
CD47,ENSG00000196776,CD Molecule;Tumor;Don't Eat Me,,,,,,
CD68,ENSG00000129226,Macrophage;CD Molecule,,,,,,
CD74,ENSG00000019582,CD Molecule;Macrophage,,,,,,
CD79A,ENSG00000105369,B Cell;Proliferative;Plasma Cell;CD Molecule,,,,,,
CD79B,ENSG00000007312,B Cell;Proliferative;CD Molecule,,,,,,
CD80,ENSG00000121594,Dendritic Cell;Myeloid;CD Molecule,,,,,,
CD83,ENSG00000112149,B Cell;CD Molecule,,,,,,
CD86,ENSG00000114013,Macrophage;M1;CD Molecule,,,,,,
CD8A,ENSG00000153563,T Cell;CD8+;Lineage Marker;CD Molecule,,,,,,
CD8B,ENSG00000172116,T Cell;CD Molecule,,,,,,
CDK1,ENSG00000170312,Tumorigenesis,,,,,,
CDK12,ENSG00000167258,Tumorigenesis,,,,,,
CDK2,ENSG00000123374,Tumorigenesis,,,,,,
CDK4,ENSG00000135446,Tumorigenesis,,,,,,
CDK6,ENSG00000105810,Tumorigenesis,,,,,,
CDKN1A,ENSG00000124762,Macrophage;Phagocytosis;Immune Escape;Tumorigenesis,,,,,,
CDKN1B,ENSG00000111276,Macrophage;Phaogytosis;Immune Escape;Tumorigenesis,,,,,,
CDKN1C,ENSG00000129757,Tumorigenesis;Apoptosis;Cell Invasion;Metastasis,,,,,,
CDKN2A,ENSG00000147889,Macrophage;Phagocytosis;Immune Escape;Tumorigenesis,,,,,,
CDKN2B,ENSG00000147883,Macrophage;Phagocytosis;Immune Escape;Tumorigenesis,,,,,,
CDKN2C,ENSG00000123080,Macrophage;Phagocytosis;Immune Escape;Tumorigenesis,,,,,,
CDKN2D,ENSG00000129355,Macrophage;Phaogytosis;Immune Escape;Tumorigenesis,,,,,,
CDX1,ENSG00000113722,Epithelial Cell;Intestine,,,,,,
CDX2,ENSG00000165556,Epithelial Cell;Intestine,,,,,,
CEACAM1,ENSG00000079385,Tumor;Checkpoint Inhibitor,,,,,,
CEACAM6,ENSG00000086548,Epithelial Cell,,,,,,
CEACAM8,ENSG00000124469,Tumor,,,,,,
CENPF,ENSG00000117724,Cell Cycle Progression,,,,,,
CENPV,ENSG00000166582,Cell Division,,,,,,
CFC1,ENSG00000136698,Cancer Stemness,,,,,,
CHIT1,ENSG00000133063,Dendritic Cell,,,,,,
CLEC10A,ENSG00000132514,Dendritic Cell;Myeloid,,,,,,
CLEC12A,ENSG00000172322,Monocyte;Non-Classical,,,,,,
CMKLR1,ENSG00000174600,Angiogenesis,,,,,,
CORO1A,ENSG00000102879,T Cell;Macrophage;Apoptosis,,,,,,
COTL1,ENSG00000103187,Tumor Suppression,,,,,,
CPA3,ENSG00000163751,Mast Cell,,,,,,
CSF1,ENSG00000184371,Monocyte;Macrophage,,,,,,
CSF1R,ENSG00000182578,Monocyte;Macrophage,,,,,,
CST7,ENSG00000077984,Natural Killer Cell;T Cell;CD8+,,,,,,
CTLA4,ENSG00000163599,T Cell;Regulatory;Exhausted;Checkpoint,,,,,,
CTNNB1,ENSG00000168036,Tumorigenesis,,,,,,
CTSB,ENSG00000164733,,,,,,,
CTSD,ENSG00000117984,Tumor,,,,,,
CTSL,ENSG00000135047,Metastasis,,,,,,
CTSS,ENSG00000163131,Tumor,,,,,,
CTSW,ENSG00000172543,Tumor,,,,,,
CX3CR1,ENSG00000168329,T Cell;Cancer Stemness,,,,,,
CXCL1,ENSG00000163739,Macrophage,,,,,,
CXCL10,ENSG00000169245,Immune Cell Migration;Neutrophil;Eosinophil;Monoyte;Epithelial Cell;Stromal Cell;Fibroblast,,,,,,
CXCL11,ENSG00000169248,Immune Cell Migration,,,,,,
CXCL12,ENSG00000107562,Tumor Suppression;Growth;Evasion,,,,,,
CXCL13,ENSG00000156234,T Cell;Regulatory;Chemokine,,,,,,
CXCL14,ENSG00000145824,Immune Cell Migration;Dendritic Cell;Chemokine,,,,,,
CXCL16,ENSG00000161921,Immune Cell Migration;Natural Killer T Cell,,,,,,
CXCL2,ENSG00000081041,Epithelial Cell;Tumor Differentiation,,,,,,
CXCL3,ENSG00000163734,Oncogene,,,,,,
CXCL5,ENSG00000163735,Macrophage;Chemokine,,,,,,
CXCL6,ENSG00000124875,Immune Cell Migration;Chemokine,,,,,,
CXCL9,ENSG00000138755,Immune Cell Migration;Chemokine,,,,,,
CXCR1,ENSG00000163464,Immune Cell Migration,,,,,,
CXCR2,ENSG00000180871,Immune Cell Migration,,,,,,
CXCR3,ENSG00000186810,Immune Cell Migration,,,,,,
CXCR4,ENSG00000121966,Immune Cell Migration,,,,,,
CXCR5,ENSG00000160683,Immune Cell Migration;Chemokine,,,,,,
CXCR6,ENSG00000172215,T Cell;CD8+;Effector Memory;Resident Memory,,,,,,
DCN,ENSG00000011465,Fibroblast;Lineage Marker,,,,,,
DERL3,ENSG00000099958,Plasma Cell,,,,,,
DGKA,ENSG00000065357,T Cell;Exhausted,,,,,,
DMBT1,ENSG00000187908,Tumor Suppression,,,,,,
DUSP2,ENSG00000158050,Tumorigenesis,,,,,,
EGF,ENSG00000138798,Macrophage;M2;Neutrophil;N2,,,,,,
EGFR,ENSG00000146648,Epithelial Cell;Oncogene,,,,,,
EGR3,ENSG00000179388,Metastasis,,,,,,
ENTPD1,ENSG00000138185,T Cell;Inhibitory,,,,,,
EOMES,ENSG00000163508,T Cell;CD8+,,,,,,
EPCAM,ENSG00000119888,Tumorigenesis,,,,,,
EPO,ENSG00000130427,,,,,,,
EPOR,ENSG00000187266,,,,,,,
ERBB2,ENSG00000141736,Oncogene,,,,,,
ERBB3,ENSG00000065361,Oncogene,,,,,,
ERBB4,ENSG00000178568,Oncogene,,,,,,
ESR1,ENSG00000091831,Oncogene,,,,,,
FABP3,ENSG00000121769,Dendritic Cell,,,,,,
FADD,ENSG00000168040,Apoptosis;Tumorigenesis,,,,,,
FAS,ENSG00000026103,T Cell,,,,,,
FASLG,ENSG00000117560,T Cell,,,,,,
FCER1A,ENSG00000179639,Dendritic Cell;Myeloid,,,,,,
FCER2,ENSG00000104921,TLS,,,,,,
FCGR1A,ENSG00000150337,Macrophage,,,,,,
FCGR2A,ENSG00000143226,,,,,,,
FCGR2B,ENSG00000072694,,,,,,,
FCGR3A,ENSG00000203747,Monocyte,,,,,,
FCMR,ENSG00000162894,B Cell,,,,,,
FCRL3,ENSG00000160856,,,,,,,
FEZ1,ENSG00000149557,Tumor Supression,,,,,,
FGF2,ENSG00000138685,Macrophage;M2;Neutrophil;N2,,,,,,
FGR,ENSG00000000938,Myeloid Cell;Oncogene,,,,,,
FHIT,ENSG00000189283,Tumor Supression,,,,,,
FKBP11,ENSG00000134285,Plasma Cell,,,,,,
FLT1,ENSG00000102755,Macrophage;Tumorigenesis;Metastasis,,,,,,
FLT3LG,ENSG00000090554,Dendritic Cell,,,,,,
FN1,ENSG00000115414,Fibroblast;Lineage Marker,,,,,,
FOS,ENSG00000170345,Proto-Oncogene,,,,,,
FOXP3,ENSG00000049768,T Cell;Regulatory,,,,,,
G0S2,ENSG00000123689,Cell Division,,,,,,
GATA2,ENSG00000179348,Oncogene,,,,,,
GATA3,ENSG00000107485,T Cell;Innate Lymphoid Cell;ILC2;Naive,,,,,,
GLIPR2,ENSG00000122694,Macrophage,,,,,,
GNLY,ENSG00000115523,T Cell;CD8+;Effector;Cytotoxic,,,,,,
GPR171,ENSG00000174946,T Cell,,,,,,
GPR183,ENSG00000169508,T Cell,,,,,,
GPR34,ENSG00000171659,Dendritic Cell,,,,,,
GZMA,ENSG00000145649,T Cell;Naive;CD8+,,,,,,
GZMB,ENSG00000100453,T Cell;Effector;CD8+,,,,,,
GZMH,ENSG00000100450,T Cell;Naive;CD8+,,,,,,
GZMK,ENSG00000113088,T Cell;Effector;CD8+;Exhausted,,,,,,
HAVCR2,ENSG00000135077,T Cell;Exhausted,,,,,,
HIF1A,ENSG00000100644,Oncogene,,,,,,
HLA-B,ENSG00000234745,,,,,,,
HPGDS,ENSG00000163106,Mast Cell,,,,,,
ICAM1,ENSG00000090339,Oncogene,,,,,,
ICOSLG,ENSG00000160223,T Cell;Dendritic Cell;Oncogene,,,,,,
ID1,ENSG00000125968,Tumorigenesis,,,,,,
ID2,ENSG00000115738,Tumorigenesis,,,,,,
ID4,ENSG00000172201,Tumorigenesis,,,,,,
IDO1,ENSG00000131203,Myeloid Cell;Suppression,,,,,,
IFIT2,ENSG00000119922,Tumorigenesis;Metastasis,,,,,,
IFIT3,ENSG00000119917,Tumorigenesis;Metastasis,,,,,,
IFITM3,ENSG00000142089,Tumorigenesis,,,,,,
IFNAR1,ENSG00000142166,Immune Signalling,,,,,,
IFNB1,ENSG00000171855,Immune Signalling,,,,,,
IFNGR1,ENSG00000027697,Immune Signalling,,,,,,
IFNL1,ENSG00000182393,Immune Signalling,,,,,,
IGFBP7,ENSG00000163453,Oncogene,,,,,,
IGHG1,ENSG00000211896,Plasma Cell,,,,,,
IGHG2,ENSG00000211893,Plasma Cell,,,,,,
IGHG3,ENSG00000211897,Plasma Cell,,,,,,
IGHG4,ENSG00000211892,Plasmablast,,,,,,
IGHGP,ENSG00000253755,Plasma Cell,,,,,,
IGHM,ENSG00000211899,B Cell;Naive;Plasma Cell;Plasmablast,,,,,,
IGKC,ENSG00000211592,Plasma Cell;Plasmablast,,,,,,
IGLC3,ENSG00000211679,Plasmablast,,,,,,
IL10,ENSG00000136634,Immune Cell Regulation,,,,,,
IL10RA,ENSG00000110324,Immune Cell Regulation,,,,,,
IL12B,ENSG00000113302,Immune Cell Regulation,,,,,,
IL12RB2,ENSG00000081985,Immune Cell Regulation,,,,,,
IL13,ENSG00000169194,Immune Cell Regulation;ILC2,,,,,,
IL13RA2,ENSG00000123496,Immune Cell Regulation,,,,,,
IL15,ENSG00000164136,Immune Cell Regulation,,,,,,
IL15RA,ENSG00000134470,Immune Cell Regulation,,,,,,
IL18,ENSG00000150782,Immune Checkpoint,,,,,,
IL1A,ENSG00000115008,Immune Cell Regulation,,,,,,
IL1B,ENSG00000125538,Immune Cell Regulation;Epithelial Cell,,,,,,
IL1R1,ENSG00000115594,Immune Cell Regulation,,,,,,
IL1RAP,ENSG00000196083,Immune Cell Regulation,,,,,,
IL2,ENSG00000109471,T Cell;Activation;Proliferation,,,,,,
IL22RA1,ENSG00000142677,Immune Cell Regulation;T Cell,,,,,,
IL22RA2,ENSG00000164485,Immune Cell Regulation;T Cell,,,,,,
IL23A,ENSG00000110944,Dendritic Cell;Tissue Repair,,,,,,
IL2RA,ENSG00000134460,T Cell;Regulatory,,,,,,
IL2RB,ENSG00000100385,Immune Cell Regulation;T Cell,,,,,,
IL2RG,ENSG00000147168,Immune Cell Regulation;T Cell,,,,,,
IL4,ENSG00000113520,Macrophage;Neutrophil;Polarization;T Cell;Mast Cell;Basophil,,,,,,
IL4R,ENSG00000077238,T Cell;Activation,,,,,,
IL5,ENSG00000113525,Innate Lymphoid Cell;ILC2,,,,,,
IL6,ENSG00000136244,Immune Cell Regulation;Neutrophil,,,,,,
IL7R,ENSG00000168685,T Cell;Survival;Memory,,,,,,
IQGAP2,ENSG00000145703,Natural Killer Cell,,,,,,
IRF1,ENSG00000125347,,,,,,,
IRF2,ENSG00000168310,,,,,,,
IRF3,ENSG00000126456,,,,,,,
IRF4,ENSG00000137265,T Cell;Regulatory,,,,,,
IRF5,ENSG00000128604,,,,,,,
IRF8,ENSG00000140968,Dendritic Cell;Plasmacytoid,,,,,,
ISG15,ENSG00000187608,,,,,,,
ITGA1,ENSG00000213949,T Cell;Resident Memory,,,,,,
ITGAE,ENSG00000083457,Dendritic Cell,,,,,,
ITGAM,ENSG00000169896,Monocyte;Granulocyte;Macrophage;Natural Killer Cell;T Cell,,,,,,
ITGAX,ENSG00000140678,,,,,,,
JAK1,ENSG00000162434,T Cell,,,,,,
JAK2,ENSG00000096968,T Cell,,,,,,
JAK3,ENSG00000105639,,,,,,,
JCHAIN,ENSG00000132465,Plasma Cell;Plasmablast,,,,,,
JUN,ENSG00000177606,Proto-Oncogene,,,,,,
JUNB,ENSG00000171223,Proto-Oncogene,,,,,,
KIT,ENSG00000157404,Proto-Oncogene,,,,,,
KLRB1,ENSG00000111796,T Cell;CD8+;Naive;Natural Killer Cell,,,,,,
KLRC1,ENSG00000134545,,,,,,,
KLRD1,ENSG00000134539,Natural Killer Cell,,,,,,
KLRF1,ENSG00000150045,,,,,,,
KLRK1,ENSG00000213809,Natural Killer Cell,,,,,,
KMT2C,ENSG00000055609,,,,,,,
KRAS,ENSG00000133703,Epithelial Cell;Oncogene,,,,,,
LAG3,ENSG00000089692,T Cell;Exhaustion;Immune Checkpoint,,,,,,
LAMP1,ENSG00000185896,,,,,,,
LAMP2,ENSG00000005893,Autophagy,,,,,,
LAMP3,ENSG00000078081,,,,,,,
LCK,ENSG00000182866,,,,,,,
LIF,ENSG00000128342,,,,,,,
LILRA4,ENSG00000239961,Dendritic Cell;Plasmacytoid,,,,,,
LILRA5,ENSG00000187116,Monocyte;Non-Classical,,,,,,
LILRB2,ENSG00000131042,Monocyte;Non-Classical,,,,,,
LILRB4,ENSG00000186818,Dendritic Cell;Plasmacytoid,,,,,,
LTB,ENSG00000227507,TNF Superfamily,,,,,,
LUM,ENSG00000139329,Fibroblast,,,,,,
LY6E,ENSG00000160932,,,,,,,
MARCO,ENSG00000019169,Macrophage,,,,,,
MCEMP1,ENSG00000183019,Macrophage,,,,,,
MET,ENSG00000105976,Epithelial Cell,,,,,,
MGP,ENSG00000111341,,,,,,,
MIS18BP1,ENSG00000129534,Monocyte;Non-Classical,,,,,,
MKI67,ENSG00000148773,B Cell;Proliferation,,,,,,
MMP12,ENSG00000262406,Dendritic Cell;Myeloid,,,,,,
MMP9,ENSG00000100985,Macrophage;Neutrophil;Polarization,,,,,,
MPEG1,ENSG00000197629,Dendritic Cell;Plasmacytoid,,,,,,
MS4A1,ENSG00000156738,B Cell;Lineage Marker;Proliferation,,,,,,
MS4A2,ENSG00000149534,Mast Cell,,,,,,
MUC5AC,ENSG00000215182,Pit Mucous Cell;Lineage Marker,,,,,,
MX1,ENSG00000157601,,,,,,,
MYD88,ENSG00000172936,,,,,,,
MZB1,ENSG00000170476,Plasma Cell;Plasmablast,,,,,,
NCAM1,ENSG00000149294,,,,,,,
NCEH1,ENSG00000144959,Megakarocyte,,,,,,
NELL2,ENSG00000184613,,,,,,,
NF1,ENSG00000196712,,,,,,,
NKG7,ENSG00000105374,Natural Killer Cell,,,,,,
NOD1,ENSG00000106100,,,,,,,
NOSIP,ENSG00000142546,,,,,,,
NOTCH1,ENSG00000148400,T Cell;Th2,,,,,,
NOTCH2,ENSG00000134250,T Cell;Th2,,,,,,
NOTCH3,ENSG00000074181,Pericyte;Lineage Marker;T Cell;Th1,,,,,,
NT5E,ENSG00000135318,T Cell;Inhibitory,,,,,,
ORC6,ENSG00000091651,Cell Division,,,,,,
P2RX1,ENSG00000108405,Mast Cell,,,,,,
PAX5,ENSG00000196092,,,,,,,
PDCD1,ENSG00000188389,T Cell;Exhausted,,,,,,
PDCD1LG2,ENSG00000197646,Immune Checkpoint,,,,,,
PDGFRA,ENSG00000134853,Stromal Cell,,,,,,
PGA5,ENSG00000256713,Chief Cell;Lineage Marker,,,,,,
PIK3CA,ENSG00000121879,,,,,,,
PLA2G7,ENSG00000146070,Dendritic Cell,,,,,,
PLD4,ENSG00000166428,Dendritic Cell;Lineage Marker,,,,,,
PLEK,ENSG00000115956,,,,,,,
PLVAP,ENSG00000130300,Endothelial Cell;Lineage Marker,,,,,,
PRDX4,ENSG00000123131,Plasma Cell,,,,,,
PRF1,ENSG00000180644,T cell;EMRA,,,,,,
PSMB10,ENSG00000205220,,,,,,,
PTEN,ENSG00000171862,,,,,,,
PTGS1,ENSG00000095303,Mast Cell,,,,,,
PTPRC,ENSG00000081237,,,,,,,
RB1,ENSG00000139687,,,,,,,
REG4,ENSG00000134193,Intestinal Cell;Lineage Marker,,,,,,
RGS1,ENSG00000090104,,,,,,,
RGS5,ENSG00000143248,Pericyte,,,,,,
RNF43,ENSG00000108375,Tumor,,,,,,
RORC,ENSG00000143365,,,,,,,
RUNX3,ENSG00000020633,Natural Killer Cell,,,,,,
S100A9,ENSG00000163220,Neutrophils,,,,,,
S100B,ENSG00000160307,Dendritic Cell;Myeloid,,,,,,
SAMD3,ENSG00000164483,Natural Killer Cell,,,,,,
SDC1,ENSG00000115884,Plasma Cell,,,,,,
SELL,ENSG00000188404,B Cell,,,,,,
SLC1A3,ENSG00000079215,Dendritic Cell,,,,,,
SMAD3,ENSG00000166949,Natural Killer Cell,,,,,,
SOCS1,ENSG00000185338,Cytokine Signalling,,,,,,
SOCS2,ENSG00000120833,Cytokine Signalling,,,,,,
SOCS3,ENSG00000184557,Cytokine Signalling,,,,,,
SOS1,ENSG00000115904,,,,,,,
SOX17,ENSG00000164736,,,,,,,
SOX9,ENSG00000125398,Tumor,,,,,,
SPARC,ENSG00000113140,,,,,,,
SPARCL1,ENSG00000152583,,,,,,,
SPIB,ENSG00000269404,Dendritic Cell;Plasmacytoid,,,,,,
SPON2,ENSG00000159674,,,,,,,
SSR4,ENSG00000180879,Plasma Cell,,,,,,
STAT1,ENSG00000115415,Immune Signalling;Macrophage;Th1;T Cell,,,,,,
STAT2,ENSG00000170581,Immune Signalling,,,,,,
STAT3,ENSG00000168610,Plasma Cell;T Cell;Regulatory;Th17,,,,,,
STAT4,ENSG00000138378,T Cell;Natural Killer Cell,,,,,,
STAT5B,ENSG00000173757,Immune Signalling;T Cell,,,,,,
STAT6,ENSG00000166888,Immune Signalling;T Cell,,,,,,
STMN1,ENSG00000117632,B Cell;Proliferation,,,,,,
SYK,ENSG00000165025,Dendritic Cell;Plasmacytoid,,,,,,
TBX21,ENSG00000073861,T Cell;Th1,,,,,,
TC2N,ENSG00000165929,,,,,,,
TCF7,ENSG00000081059,T Cell;CD4+;Naive,,,,,,
TCL1A,ENSG00000100721,B cell;Proliferative,,,,,,
TFF3,ENSG00000160180,Intestinal;Lineage Marker,,,,,,
TGFB1,ENSG00000105329,Macrophage;Neutrophil;Polarization,,,,,,
TIGIT,ENSG00000181847,T Cell;Exhausted,,,,,,
TMPRSS2,ENSG00000184012,T Cell,,,,,,
TNF,ENSG00000232810,Macrophage;Neutrophil,,,,,,
TNFRSF13C,ENSG00000159958,B Cell,,,,,,
TNFRSF17,ENSG00000048462,Plasma Cell,,,,,,
TNFRSF1B,ENSG00000028137,,,,,,,
TNFRSF9,ENSG00000049249,,,,,,,
TOX,ENSG00000198846,T Cell;Exhausted,,,,,,
TP53,ENSG00000141510,Proto-Oncogene,,,,,,
TRAT1,ENSG00000163519,,,,,,,
TREM2,ENSG00000095970,Dendritic Cell,,,,,,
TUBA1B,ENSG00000123416,,,,,,,
TUBB,ENSG00000196230,Cytoskelton,,,,,,
TXLNA,ENSG00000084652,,,,,,,
UBE2C,ENSG00000175063,Natural Killer Cell,,,,,,
VCAN,ENSG00000038427,Macrophage;M1,,,,,,
VEGFA,ENSG00000112715,Macrophage;Neutrophil;Oncogene,,,,,,
VSIG4,ENSG00000155659,Macrophage,,,,,,
VSIR,ENSG00000107738,Checkpoint,,,,,,
XBP1,ENSG00000100219,Plasmablast,,,,,,
ZNF683,ENSG00000176083,T Cell;Resident Memory,,,,,,